{
    "learning_rate": [
        8e-05,
        8e-05,
        8e-05,
        8e-05,
        8e-05,
        8e-05,
        8e-05,
        8e-05,
        8e-05
    ],
    "train_loss": [
        13458.605164408684,
        12899.089787244797,
        12592.350520253181,
        12338.27872478962,
        12106.02654671669,
        11891.031535983086,
        11680.785059809685,
        11478.637110233307,
        11282.2620575428
    ],
    "test_loss": [
        3287.417495369911,
        3257.3191808462143,
        3245.870870947838,
        3243.796437740326,
        3245.1535975933075,
        3252.3782600164413,
        3261.2257912158966,
        3270.905131340027,
        3287.0050996541977
    ]
}