{
    "learning_rate": [
        0.0003,
        0.0002926829491861254,
        0.0002714480406590546,
        0.0002383738952177247,
        0.0001966980406590546,
        0.00015049999999999997,
        0.00010430195934094535,
        6.262610478227527e-05,
        2.955195934094537e-05,
        8.317050813874547e-06
    ],
    "train_loss": [
        17811.1015625,
        12585.681640625,
        11381.572265625,
        10568.919921875,
        9893.875,
        9280.8828125,
        8724.9794921875,
        8240.3486328125,
        7867.7421875,
        7635.763671875
    ],
    "test_loss": [
        3426.78515625,
        3099.49609375,
        2997.474609375,
        2918.587890625,
        2883.6796875,
        2871.564453125,
        2865.8671875,
        2873.5244140625,
        2886.919921875,
        2886.84375
    ],
    "value_score": [
        0.0,
        0.0,
        0.0,
        0.0,
        0.0,
        0.0,
        0.0,
        0.0,
        0.0,
        0.0
    ],
    "policy_top1_accuracy": [
        0.283482975686398,
        0.326013808400738,
        0.3412051030153248,
        0.35456166714018233,
        0.36499156229355,
        0.36843852797108245,
        0.3730356232093407,
        0.376260093584947,
        0.3784200095159529,
        0.3791936085657268
    ]
}