{
    "learning_rate": [
        0.001,
        0.001,
        0.001,
        0.001,
        0.001,
        0.001,
        0.001,
        0.001,
        0.001,
        0.001,
        0.0001,
        0.0001,
        0.0001
    ],
    "train_loss": [
        55901.96538567543,
        40387.24679636955,
        36027.12573099136,
        33565.37870311737,
        31742.8701274395,
        30247.974929332733,
        28871.41549026966,
        27556.569833517075,
        26253.58129489422,
        24905.981627464294,
        20147.202742934227,
        18893.51171529293,
        18214.028225898743
    ],
    "test_loss": [
        11109.825746774673,
        9730.782082796097,
        9188.119156360626,
        8857.297190189362,
        8660.493181705475,
        8528.995748996735,
        8468.177220582962,
        8453.550371170044,
        8492.087791442871,
        8625.54393696785,
        8882.235962867737,
        9103.483687520027,
        9238.441670656204
    ]
}