{
    "learning_rate": [
        0.001,
        0.001,
        0.001,
        0.001,
        0.001,
        0.001,
        0.001,
        0.001,
        0.001,
        0.001,
        0.0001,
        0.0001,
        0.0001,
        0.0001,
        0.0001
    ],
    "train_loss": [
        22486.89488697052,
        16117.527611970901,
        13761.201103448868,
        12487.151371717453,
        11569.809054851532,
        10826.280110001564,
        10196.771576285362,
        9625.455260634422,
        9124.060678601265,
        8653.6315741539,
        6799.224916160107,
        6288.301389813423,
        6023.446729660034,
        5823.89872020483,
        5644.738237082958
    ],
    "test_loss": [
        4649.661035060883,
        3882.7911326885223,
        3629.7800164222717,
        3480.1681644916534,
        3394.5207374095917,
        3313.505286216736,
        3256.058111667633,
        3256.0655183792114,
        3256.7087914943695,
        3241.2165269851685,
        3246.6383880376816,
        3321.8725551366806,
        3397.6867529153824,
        3438.825881958008,
        3474.0175001621246
    ]
}