{
    "learning_rate": [
        0.0003,
        0.0003,
        0.0003,
        0.0003,
        0.0003,
        0.0003,
        0.0003,
        0.0003
    ],
    "train_loss": [
        7104.194044589996,
        6695.20897936821,
        6420.754961490631,
        6167.206620693207,
        5917.200306892395,
        5666.808804988861,
        5410.463977813721,
        5150.992761731148
    ],
    "test_loss": [
        1740.1592228412628,
        1719.4730412960052,
        1712.3828263282776,
        1715.2357823848724,
        1725.9891321659088,
        1744.0772597789764,
        1773.344146490097,
        1805.0400984287262
    ]
}