{
    "learning_rate": [
        0.001,
        0.001,
        0.001,
        0.001,
        0.001,
        0.001,
        0.001,
        0.001,
        0.001,
        0.001,
        0.0001
    ],
    "train_loss": [
        38547.50984168053,
        27261.547189235687,
        23298.22487425804,
        20582.859477877617,
        18486.73945170641,
        16764.04911786318,
        15218.465778589249,
        13894.883749127388,
        12662.802415728569,
        11588.878797501326,
        7546.818536862731
    ],
    "test_loss": [
        7526.2893397808075,
        6661.551555633545,
        6256.195476293564,
        6031.642398953438,
        5977.3132601976395,
        5888.48749101162,
        6036.257516741753,
        6110.818625092506,
        6211.234033226967,
        6358.229048013687,
        7057.348812818527
    ]
}