{
    "learning_rate": [
        0.0002,
        0.0002,
        0.0002,
        0.0002,
        0.0002,
        0.0002,
        0.0002,
        0.0002,
        0.0002,
        0.0002,
        0.0002,
        0.0002
    ],
    "train_loss": [
        6176.079054355621,
        5754.64213514328,
        5526.8247702121735,
        5318.374146699905,
        5118.145492553711,
        4922.385286092758,
        4728.101814866066,
        4532.67138504982,
        4337.915444493294,
        4142.331876277924,
        3947.2688566446304,
        3756.4929291009903
    ],
    "test_loss": [
        1485.187177181244,
        1451.6466553211212,
        1429.6189363002777,
        1413.3260872364044,
        1401.6360211372375,
        1393.5151767730713,
        1387.3965694904327,
        1388.8999383449554,
        1388.5176539421082,
        1390.83545255661,
        1397.3393745422363,
        1404.7107059955597
    ]
}