{
    "learning_rate": [
        0.0001,
        0.0001,
        0.0001,
        0.0001,
        0.0001,
        0.0001,
        0.0001,
        0.0001,
        0.0001,
        0.0001,
        1e-05,
        1e-05,
        1e-05,
        1e-05,
        1e-05,
        1e-05,
        1e-05,
        1e-05,
        1e-05,
        1e-05,
        1.0000000000000002e-06,
        1.0000000000000002e-06,
        1.0000000000000002e-06,
        1.0000000000000002e-06,
        1.0000000000000002e-06,
        1.0000000000000002e-06,
        1.0000000000000002e-06,
        1.0000000000000002e-06,
        1.0000000000000002e-06,
        1.0000000000000002e-06,
        1.0000000000000002e-07,
        1.0000000000000002e-07,
        1.0000000000000002e-07,
        1.0000000000000002e-07
    ],
    "train_loss": [
        51295.15779590607,
        33920.11897659302,
        27722.45449066162,
        25399.44885110855,
        24543.197802066803,
        24187.247893810272,
        23969.43133163452,
        23798.58997440338,
        23652.38443994522,
        23522.12622833252,
        23435.054402828217,
        23424.107715129852,
        23412.760586738586,
        23401.98270225525,
        23389.046673297882,
        23377.87716436386,
        23365.603761672974,
        23355.54754590988,
        23344.4793510437,
        23333.413073539734,
        23324.180563926697,
        23324.325182437897,
        23320.02458333969,
        23321.056151866913,
        23321.16054534912,
        23321.302565574646,
        23320.950439453125,
        23314.33687543869,
        23315.608214378357,
        23317.386515140533,
        23314.894343852997,
        23313.88574743271,
        23314.887800216675,
        23312.27804374695
    ],
    "test_loss": [
        9985.578482627869,
        7494.821268558502,
        6594.322655200958,
        6245.108170032501,
        6120.995714664459,
        6062.464441776276,
        6022.300521373749,
        5992.360712528229,
        5966.473432540894,
        5946.065386772156,
        5945.667016983032,
        5942.133538722992,
        5942.870259284973,
        5940.5378432273865,
        5938.347009181976,
        5935.541930675507,
        5935.9944043159485,
        5932.956637382507,
        5928.872053146362,
        5931.232676029205,
        5930.459550857544,
        5928.851306915283,
        5928.796333312988,
        5929.513884067535,
        5928.823791980743,
        5930.329891204834,
        5927.160173416138,
        5928.2881236076355,
        5925.870958805084,
        5926.49850320816,
        5927.850196838379,
        5928.398553848267,
        5928.050637245178,
        5927.122194766998
    ]
}