{
    "learning_rate": [
        0.0001,
        9.750000000000001e-05,
        9.250000000000001e-05
    ],
    "train_loss": [
        11009.5078125,
        10294.7587890625,
        9303.3330078125
    ],
    "test_loss": [
        2682.763671875,
        2562.0400390625,
        2397.8310546875
    ],
    "value_score": [
        0.42133119404315944,
        0.46565707623958585,
        0.5156545013189315
    ],
    "policy_top1_accuracy": [
        0.0,
        0.0,
        0.0
    ],
    "policy_top3_accuracy": [
        0.0,
        0.0,
        0.0
    ]
}