{
    "learning_rate": [
        0.0001,
        9.939057285945933e-05,
        9.757729755661012e-05,
        9.460482294732422e-05,
        9.054634122155992e-05,
        8.550178566873411e-05,
        7.959536998847744e-05,
        7.297252973710758e-05,
        6.579634122155991e-05,
        5.824350601949144e-05,
        5.050000000000001e-05,
        4.275649398050859e-05,
        3.520365877844011e-05,
        2.8027470262892444e-05,
        2.1404630011522593e-05,
        1.5498214331265904e-05,
        1.0453658778440109e-05,
        6.3951770526757955e-06,
        3.422702443389901e-06,
        1.609427140540686e-06
    ],
    "train_loss": [
        4745.62890625,
        4389.97265625,
        4257.15625,
        4165.81640625,
        4096.021484375,
        4035.193359375,
        3983.470703125,
        3940.65625,
        3899.041015625,
        3864.95703125,
        3833.03515625,
        3804.0390625,
        3780.267578125,
        3759.541015625,
        3742.197265625,
        3729.080078125,
        3717.05859375,
        3709.07421875,
        3704.41796875,
        3700.248046875
    ],
    "test_loss": [
        1126.546875,
        1097.283203125,
        1080.4375,
        1083.22265625,
        1071.72265625,
        1063.994140625,
        1055.10546875,
        1053.357421875,
        1052.583984375,
        1052.8203125,
        1055.46484375,
        1047.169921875,
        1047.244140625,
        1045.51171875,
        1045.501953125,
        1045.220703125,
        1044.978515625,
        1044.30859375,
        1044.490234375,
        1044.302734375
    ],
    "value_score": [
        0.8266854166984557,
        0.8496895730495452,
        0.8614771962165833,
        0.8389352202415465,
        0.8560917496681213,
        0.8650451898574829,
        0.8755711555480956,
        0.875806188583374,
        0.8739931106567382,
        0.8722665190696716,
        0.8640011608600615,
        0.8798553764820098,
        0.8743686974048613,
        0.8814845144748686,
        0.8796411335468292,
        0.8812568128108977,
        0.8820892810821532,
        0.8829563200473785,
        0.8836242735385894,
        0.883590668439865
    ],
    "policy_top1_accuracy": [
        0.2915843540102726,
        0.30138712398688694,
        0.30670496652322016,
        0.3111471803688319,
        0.30981238053541493,
        0.3126101209862569,
        0.3137954232383312,
        0.3147351223210567,
        0.31676401806785054,
        0.3177891443399148,
        0.3171484404198746,
        0.31864341623330167,
        0.31952972332269053,
        0.3191986929640031,
        0.31965786410669855,
        0.318493918651959,
        0.3192200497613378,
        0.3196365073093639,
        0.320181105641398,
        0.31979668328937394
    ],
    "policy_top3_accuracy": [
        0.55505248432945,
        0.5667346524715153,
        0.5748288786613559,
        0.5785022478029195,
        0.5807340331243926,
        0.583574487169904,
        0.5854325285380204,
        0.5874400674874796,
        0.5906863006823497,
        0.5888175809155659,
        0.5907503710743537,
        0.5915512509744039,
        0.5930141915918289,
        0.5925550204491334,
        0.5924055228677908,
        0.5926404476384721,
        0.5926724828344742,
        0.593398613943853,
        0.5933665787478509,
        0.5933665787478509
    ]
}