{
    "learning_rate": [
        0.0001,
        0.0001,
        0.0001,
        0.0001,
        0.0001,
        0.0001,
        0.0001,
        0.0001
    ],
    "train_loss": [
        11806.904177188873,
        10906.21866285801,
        10468.098554730415,
        10126.425840973854,
        9834.122510552406,
        9573.1599817276,
        9331.172387838364,
        9101.846538066864
    ],
    "test_loss": [
        2810.656038761139,
        2718.1282399892807,
        2665.601126432419,
        2627.079664707184,
        2600.5361630916595,
        2579.0258470773697,
        2565.2291889190674,
        2555.4291150569916
    ]
}