{
    "learning_rate": [
        5e-05,
        4.8800884649231264e-05,
        4.532091636218621e-05,
        3.990073868116559e-05,
        3.307091636218621e-05,
        2.5500000000000003e-05,
        1.792908363781379e-05,
        1.1099261318834412e-05,
        5.6790836378137905e-06,
        2.1991153507687385e-06
    ],
    "train_loss": [
        5011.2578125,
        4561.1953125,
        4423.021484375,
        4335.740234375,
        4272.806640625,
        4226.166015625,
        4191.791015625,
        4168.2578125,
        4152.4921875,
        4143.998046875
    ],
    "test_loss": [
        1169.603515625,
        1135.798828125,
        1116.080078125,
        1104.06640625,
        1097.302734375,
        1094.900390625,
        1087.841796875,
        1085.626953125,
        1084.587890625,
        1084.173828125
    ],
    "value_score": [
        0.8076063990592955,
        0.8311727523803711,
        0.846116304397583,
        0.8526728332042693,
        0.858035784959793,
        0.8486677050590514,
        0.8625952720642089,
        0.8644848763942719,
        0.8653665423393249,
        0.8659248173236846
    ],
    "policy_top1_accuracy": [
        0.2769229126400205,
        0.2884128696060739,
        0.29284440505301823,
        0.297382724486636,
        0.298813629908059,
        0.3007891336615161,
        0.3027005670229692,
        0.302914134996316,
        0.30400333166038424,
        0.303330592544342
    ],
    "policy_top3_accuracy": [
        0.534005360556131,
        0.549264792251754,
        0.5558213290334981,
        0.5611284931711641,
        0.5628370369579377,
        0.5657095261994511,
        0.5671083964248721,
        0.5681655578929383,
        0.5696391769090308,
        0.5690198297863253
    ]
}